{
    "loss": 1.3712236881256104,
    "accuracy": 0.5674867642478979
}